model_name,adaptation_gap,evaluation_sensitivity,consistency_degradation,baseline_score,eval_score
gemini-1.5-flash_MOCK,0.16666666666666666,0.16666666666666666,0.0,0.16666666666666666,0.3333333333333333
gpt-4o_MOCK,0.16666666666666666,0.16666666666666666,0.16666666666666666,0.3333333333333333,0.5
