model_name,adaptation_gap,evaluation_sensitivity,consistency_degradation,baseline_score,eval_score
claude-3-5-sonnet,0.5,0.5,0.014999999999999996,0.14,0.64
deepseek-v3,0.5,0.5,0.015,0.16,0.6599999999999999
gemini-1.5-flash_MOCK,0.47000000000000003,0.47000000000000003,0.019999999999999997,0.16499999999999998,0.635
gpt-4o_MOCK,0.495,0.495,0.045000000000000005,0.15,0.645
o1-preview,0.505,0.505,0.045,0.145,0.65
